Questions,Response,"Fluency
(Naturalness and grammatical correctness of the response)","Coherence
(Logical flow and consistency of the response)",Releveance (Is the response related to the question asked?),Factuality (Is the response correct?)
What are the commonly used data types in python in week 2? ,"Assistant: In Python, you'll work with various data types. In Week 2, we're focusing on lists and how to manipulate them efficiently using different operations such as indexing, slicing, insertion, and deletion. Lists are crucial for storing collections of items, which can be numbers, strings, or even other lists.

Here's a simple example to illustrate this:

```python
# Create a list with some values
fruits = ['apple', 'banana', 'cherry']

# Accessing elements in the list using indexing (0-based)
print(fruits[0])  # Output: apple

# Slicing to get a subset of the list
print(fruits[1:])  # Output: ['banana', 'cherry']
```

This example showcases basic usage, but keep in mind that there are many more operations and features you can use with lists.",5,5,1,1
What are the web scrapping applications mentioned in week 4 module?,"Web scraping has various applications. Some of these include:

Retail and manufacturing companies use web scraping for price comparison and competitor analysis. For instance, a retail company might compare prices from different websites to determine the best deals.

In equity and financial research, web scraping is used to gather data on stock market trends and analyze them. This can help investors make informed decisions.

Web scraping also plays a significant role in data science by enabling researchers to collect large datasets for analysis.

Risk management is another area where web scraping is applied. Companies use it to monitor their online reputation and detect potential risks.

Lastly, some companies use web scraping in product marketing and sales to gather information about customer behavior and preferences.",4,5,5,5
What is POS tagging which is mentioned in week 6 module? ,"POS (Part-Of-Speech) Tagging is a process used in Natural Language Processing (NLP) where words are marked up for their part of speech, such as noun, verb, adjective, etc., based on their definition and the context they appear in. It's a crucial step in text analysis and helps computers understand the meaning behind written or spoken language.

A simple example to illustrate this concept is: ""The dog (noun) ran (verb) quickly (adjective)."" In this sentence, 'dog', 'ran', and 'quickly' would be tagged with their respective parts of speech. This tagging enables machines to recognize and interpret the relationships between words in a sentence, which can aid in tasks like sentiment analysis or language translation.

In practical applications, POS Tagging is used to improve text search functionality, enhance language translation accuracy, and even assist in content generation for chatbots.",5,5,5,5
How can we use python for feature extraction which is mentioned in week 6 module? ,"The concept of feature extraction in the context of machine learning and data analysis involves selecting a subset of relevant features from a larger set of available features to reduce dimensionality, improve model performance, or enhance interpretability.

In Python, you can use libraries like `pandas` for handling datasets and extracting features. For instance, if you have a dataset with various columns (features) and want to select only the most relevant ones, you could use methods like `drop` or `select_dtypes`. 

Here's an example:

```python
import pandas as pd

# Assume 'df' is your DataFrame
df = pd.DataFrame({
    'Feature1': [1, 2, 3],
    'Feature2': ['a', 'b', 'c'],
    'Feature3': [4.5, 6.7, 8.9]
})

# Select only the first two columns (features)
selected_features = df[['Feature1', 'Feature2']]
print(selected_features)

```

This code snippet demonstrates how to use pandas for feature extraction by selecting a subset of relevant features from an existing dataset.

Please note that this is a simplified example and real-world applications often involve more complex considerations, such as data preprocessing, feature engineering, and hyperparameter tuning. For more in-depth information on feature extraction and related topics, I recommend exploring the Week 6 module and course resources.",5,5,3,2
What are the top programming languages in 2024 as per week 1 module? ,"Based on my analysis of the provided context, it appears that there isn't a direct mention of the top programming languages for 2024 in Week 1. However, I can suggest some popular programming languages that are widely taught and used in many courses.

Some of the most popular programming languages include Python, Java, JavaScript, C++, and C#. These languages are commonly used in various applications such as web development, mobile app development, data analysis, artificial intelligence, and more.

To make it easier to understand, let's consider an example:

Imagine you're building a simple calculator that can perform basic arithmetic operations like addition, subtraction, multiplication, and division. You could use Python for this task because of its simplicity and ease of use.

Here's some sample Python code for a basic calculator:
```python
def calculate(num1, num2, operator):
    if operator == '+':
        return num1 + num2
    elif operator == '-':
        return num1 - num2
    elif operator == '*':
        return num1 * num2
    elif operator == '/':
        return num1 / num2

num1 = float(input(""Enter the first number: ""))
num2 = float(input(""Enter the second number: ""))
operator = input(""Enter the operation (+, -, *, /): "")

result = calculate(num1, num2, operator)
print(""Result:"", result)
```
This example demonstrates how Python can be used to create a simple calculator with basic arithmetic operations.",5,5,4,5
What are the commonly used python data types as per week 2 module? ,"In Python programming, there are several built-in data types that are commonly used in various applications. These include:

1. Integers: Whole numbers, either positive or negative.
2. Floats: Decimal numbers.

For example, let's consider the following code snippet to understand the concept of these data types:

```python
x = 10  # integer
y = 3.14  # float

print(""Integer:"", x)
print(""Float:"", y)

# Output:
# Integer: 10
# Float: 3.14
```

These are some of the fundamental data types in Python, and understanding them is crucial for any aspiring programmer.",5,5,5,5
What are the differences between list and arrays according to week 3 module,"According to the material covered in Week 3, there is no fixed size constraint with lists, whereas arrays have a fixed type constraint. This means that lists can hold different types of data, but arrays require all elements to be of the same type.

To illustrate this difference, consider an example where you want to store a mix of numbers and strings in a data structure. With lists, you could do something like this:

```python
my_list = [1, 2, 3, 'hello', 4.5]
```

However, with arrays, the following would raise an error because it contains a string where all elements should be of the same type (numbers in this case):

```python
import numpy as np

sample_array = np.array([1, 2, 3, 'hello', 4.5])
```

This is not allowed with arrays, but lists can handle it just fine!",5,5,5,5
What are the steps for web scrapping as per week 4 module?,"To extract data from the web using web scraping, we can break it down into several key steps. 

Firstly, we need to identify the source of the data and determine which specific information is required. This could involve analyzing websites, online forms, or other digital sources.

Next, we must figure out how to access this data programmatically. This may involve using web development tools, such as HTML and CSS selectors, or learning programming languages like Python.

Once we have a way to access the data, we need to write code to extract it from the website and store it in a format that's easy to analyze. 

Finally, after extracting the data, we should review it for accuracy and completeness to ensure it meets our needs.",5,5,4,3
What are the additional materials I can acquire on data preprocessing which is mentioned in week 5 module?,"You may want to consider checking out some resources that discuss parsing techniques, as they often overlap with data preprocessing concepts. One such technique is schema matching, where you identify and separate different data items.

To illustrate this, let's say we have a dataset containing names, addresses, and phone numbers. We might use schema matching to categorize these fields into relevant groups (e.g., ""Name"", ""Address"", etc.). This process can help us better understand the structure of our data and prepare it for further analysis.

By understanding how schema matching works, you may gain a deeper appreciation for the role of parsing in data preprocessing.",5,5,3,2
Give me a brief overview of information extraction applications which are mentioned in week 8 module,"Information extraction is a valuable technique with various applications. For instance, it's used in contact information extraction to identify and extract relevant details from unstructured text. This can be particularly useful for businesses looking to streamline their data collection processes. Additionally, information extraction has been applied to table extraction, allowing users to easily parse and understand complex data sets. By utilizing these techniques, organizations can improve efficiency and accuracy in managing large amounts of information.",5,5,3,3
What are the challenges for IE which are mentioned in week 8 module? ,"The extraction phase takes the learned models and applies them to new unlabelled documents using the learned models to generate extractions. This approach formalizes the IE problem as a classification problem.

One challenge with this approach is that it relies on accurate identification of tokens or text-lines in the text, which can be difficult due to variations in formatting and structure. For instance, consider a sentence where a period is used for emphasis instead of punctuation, making it challenging for the model to distinguish between sentences and fragments.

A simple example would be: ""The rain."" vs. ""The rain?"" In this case, both are correct grammatically but have different functions in context. The extraction phase needs to account for such subtleties to accurately identify the boundaries of the information being extracted.",5,5,2,2
How many levels of sentiment analysis are mentioned in the week 12 module.,"There are two levels of sentiment analysis mentioned. They include compound score and positive, negative, neutral scores. The example for compound score is as follows:

A restaurant reviewer writes a review saying ""This restaurant's food was delicious and the service was also great"". Here, the overall sentiment or the review would be positive but if we calculate the polarity for 'delicious' and 'great', it will also be positive. Now, if the reviewer had written ""I do not like this restaurant"", then all the individual words ('do not', 'like', 'this') would have a negative score but overall sentiment or the review is still negative.

However, when we calculate compound score for such sentences, it would give us a single number which represents the overall sentiment.",3,3,5,1
How does the use of if-else statements in the week 2 module help control the programs flow based on user input or conditions. ,"In programming, `if-else` statements are used to control the program's flow based on certain conditions or user inputs. They allow you to execute different blocks of code depending on whether a condition is true or false.

Think of it like a decision-making process in real life. Imagine you're planning a trip and it's raining outside. You might decide to take an umbrella if it's not raining, but if it is raining, you'll take a raincoat instead. That's similar to how `if-else` statements work: they help your program make decisions based on conditions.

For example, consider a simple banking application that needs to determine whether to display a ""withdrawal"" or ""deposit"" option to the user. The program might use an `if-else` statement like this:

```python
balance = 100

action = input(""Do you want to withdraw (w) or deposit (d)? "")

if action == 'w':
    print(""Please enter withdrawal amount: "")
    # code for withdrawing money...
elif action == 'd':
    print(""Please enter deposit amount: "")
    # code for depositing money...
else:
    print(""Invalid choice. Please try again."")
```

In this example, the program uses an `if-else` statement to control its flow based on the user's input (`action`). If the user chooses 'w', it executes one block of code; if they choose 'd', it executes another. This helps keep the program organized and easy to understand.

The same concept applies in other scenarios, like validating user input or making decisions based on certain conditions. `If-else` statements are a fundamental building block in programming that help you write efficient, readable, and maintainable code.",5,4,5,5
How does the code implementation in the demo which is mentioned in week 3 module help reinforce the key concepts introduced in the lesson?,"The code implementation in the demo provides a hands-on example of how to apply the theoretical concepts learned in the lesson. By seeing the code in action, students can better understand how the different components work together and how they relate to each other.

For instance, if we're discussing machine learning algorithms, the demo might show how to train a model using a specific dataset, which helps illustrate the key steps involved in the process. This makes it easier for students to grasp the concepts and remember them better.

Let's consider an example. Suppose we're explaining the concept of object-oriented programming (OOP) principles, such as encapsulation and inheritance. The demo might provide an example code that demonstrates how these principles are used to design a simple class hierarchy. By walking through the code together, students can see how the OOP concepts are applied in practice, making it easier for them to understand and retain the information.

In this way, the code implementation in the demo serves as a concrete illustration of the abstract concepts introduced in the lesson, helping students develop a deeper understanding of the material.",4,4,5,5
What is the role of the Beautiful Soup library in the web scraping process demonstrated in week 4 module? ,"Beautiful Soup is an HTML and XML parser that can extract data from websites by navigating through their structure. It's particularly useful for handling unstructured data found on the web, making it a crucial tool for transforming this data into structured formats, such as databases or spreadsheets.

Here's a simple example to illustrate how Beautiful Soup works:

Imagine you're trying to find all the links on a webpage. You can use Beautiful Soup to parse the HTML of that page and extract just those links. This simplifies your task significantly compared to manually searching through the entire HTML code for relevant data.

For instance, if we have an HTML string like this:
```html
<a href=""https://www.google.com"">Google</a>
```
We can use Beautiful Soup's `find_all()` function to extract all links on a webpage. 

Here is how it would look in Python:

```python
from bs4 import BeautifulSoup

html_string = '<a href=""https://www.google.com"">Google</a>'
soup = BeautifulSoup(html_string, 'html.parser')
links = soup.find_all('a')

for link in links:
    print(link.get('href'))
```
This code would output `https://www.google.com` when you run it. 

In the context of web scraping, Beautiful Soup helps in navigating through website structures to find and collect specific data that's needed for further analysis or processing.",5,5,5,5
What techniques were used in the week 4 module to clean or structure the scraped data for analysis or storage? ,"Parsing is an essential technique used to locate, identify, and separate data items. It involves breaking down the data into smaller parts to extract meaningful information.

Consider a simple example of parsing text data. Imagine you have a string that contains the name, address, and phone number of a person:

""John Doe, 123 Main St, Anytown USA 12345 (555) 555-5555""

To parse this data, you would use techniques such as tokenization to split the string into individual elements, or regular expressions to extract specific information like the name or phone number.

By applying parsing techniques, you can effectively structure and clean the scraped data for analysis or storage.",5,5,5,5
What is the purpose of the <HR> tag in the HTML file from week 4 module? ,"The <HR> tag in an HTML file is used to create a horizontal rule. It's essentially a line that can be used to separate sections of content within a webpage. This can help with organization and presentation, making it easier for users to navigate through the content.

Here's a simple example:

Let's say you're creating a webpage about your favorite foods. You might use an <HR> tag to separate the list of appetizers from the main course. The line would visually distinguish between the two sections, helping readers see where one ends and the other begins.

In practice, this could look something like this in your HTML:

```html
<h2>Appetizers</h2>
<ul>
    <li>Sushi</li>
    <li>Tacos</li>
</ul>

<hr>

<h2>Main Course</h2>
<ul>
    <li>Steak</li>
    <li>Pasta</li>
</ul>
```

In this example, the `<hr>` tag is used to create a horizontal line that visually separates the ""Appetizers"" section from the ""Main Course"" section. This can be especially helpful for users who are scanning content quickly or have difficulty with text-heavy pages.",5,5,5,5
What are the key dimensions used to evaluate data quality in machine learning according to week 5 module? ,"According to the guidelines for high-quality data in machine learning, there are four basic standards that Andrew defined. These standards can be related to the concept of evaluating data quality dimensions.

The main dimensions used to evaluate data quality are:

1. Comprehensiveness
2. Correctness
3. Variety
4. Completeness
5. Timeliness

These dimensions help assess various aspects of data quality, providing a structured approach to evaluating and improving data in machine learning applications.",5,4,5,2
Which methods were used to improve data quality in domain-specific machine learning tasks according to week 5 module? ,"To measure the quantitative and qualitative properties of data, one can use various techniques such as data validation, data cleaning, and data normalization. These methods help ensure that the data is fit for use by data consumers.

For instance, imagine you have a dataset containing student grades. To improve its quality, you could apply data normalization to scale the grade values between 0 and 1, or perform data cleaning to remove any duplicate or invalid entries. By doing so, you can make sure that the data is accurate and reliable for further analysis or use in machine learning models.",5,5,1,1
What is the purpose of using the Evidently library in week 5 module? ,"The Evidently library is used for model monitoring and explainability. It provides a simple way to track changes in your models over time and compare their performance on different datasets. This helps you detect drifts, bias, and other issues with your models.

Here's a simple example to make this concept clear:

Imagine you have a machine learning model that predicts house prices based on features like number of bedrooms and square footage. You trained the model on historical data from 2020 and it performs well on that dataset. However, over time, market conditions change, and new features become relevant. If your model doesn't adapt to these changes, its predictions may become less accurate.

Evidently helps you monitor your model's performance over time by tracking metrics like accuracy, precision, and recall. It also provides visualizations to help you understand how your model is behaving on different datasets. This way, you can detect when your model starts to drift away from the expected behavior and take corrective action to update it.

For example:

```python
from evidently import ColumnTransformer

# assume we have a DataFrame df with historical data
df = pd.read_csv('historical_data.csv')

# create a ColumnTransformer object
column_transformer = ColumnTransformer()

# fit the transformer on the training data
column_transformer.fit(df)

# transform the test data
transformed_test_data = column_transformer.transform(df)
```

In this example, we're using Evidently's ColumnTransformer to transform our historical data. We then use this transformed data to train a machine learning model and monitor its performance over time using Evidently's metrics and visualizations.",5,5,2,2
What is the main purpose of data preprocessing in the week 5 module? ,"Data preprocessing, which involves transforming and structuring raw data into a suitable format for analysis or modeling. The main purpose of data preprocessing is to ensure that the data is accurate, complete, consistent, reliable, valid, and easy to analyze.

Imagine you have a messy room with clothes, books, and toys scattered all over the floor. Before you can study in that room, you would need to clean it up, put away your belongings, and organize the space. Similarly, data preprocessing is like cleaning and organizing your data so that it's ready for further analysis or modeling.

A simple example of data preprocessing would be taking a list of names with different formatting (e.g., ""John Smith"", ""john smith"", ""JOHN SMITH"") and standardizing them to a uniform format (e.g., ""john_smith""). This makes the data easier to work with and reduces errors in analysis or modeling.",5,5,5,4
What is the difference between a simple subject and a complete subject in sentence structure based on week 6 module? ,"A simple subject is a single word or phrase that performs the action of the verb in a sentence. On the other hand, a complete subject includes both the simple subject and any modifiers that provide additional information about it.

To illustrate this concept, consider the following example:

""Dr. Chen is teaching.""

In this sentence, ""Dr. Chen"" is the simple subject because it is a single word performing the action of the verb ""teaching"". However, if we add more information to make it clear who Dr. Chen is, such as in the week's syllabus schedule, then ""Dr. Chen"", along with his role and other details, becomes the complete subject.

For instance: ""Dr. Chen, a renowned lecturer, is teaching.""

In this revised sentence, ""Dr. Chen"" is still the simple subject, but now we have added more information about Dr. Chen through the modifier ""a renowned lecturer"".",5,5,5,5
"How does structural ambiguity arise in sentences, and what are some examples from the week 6 module? ","Structural ambiguity arises when a sentence can be interpreted in more than one way based on its grammatical structure. This can lead to multiple possible meanings of the sentence.

Let's consider an example. Take the sentence ""The dog chased the cat."" At first glance, it seems like a straightforward statement about a chase between two animals. However, there is also another possibility: that the dog and the cat are being referred to as one entity, in which case the sentence would mean ""the dog (which is a type of cat) was chased.""

To illustrate this ambiguity, let's consider another example: ""The teacher gave the student a book."" Here, we can interpret it as either the teacher giving something to the student or the teacher describing the student.",3,3,5,4
What is the main idea behind the distributional hypothesis in NLP according to week 6 module?,"The main idea behind the distributional hypothesis is that words with similar meanings tend to appear in similar contexts. This means that if two words often co-occur with the same set of other words, they are likely to have related meanings.

For example, imagine a word like ""car"" and another word like ""vehicle"". According to the distributional hypothesis, these words should appear in similar contexts, such as in sentences about transportation or modes of travel. This is because both words refer to objects that can move people from one place to another.

To illustrate this concept further, consider two sentences:

* ""I drove my car to work.""
* ""My friend owns a vehicle.""

In these examples, the words ""car"" and ""vehicle"" are used in similar contexts (i.e., talking about transportation), which suggests that they have related meanings.",5,5,5,5
What is the definition of syntax according to the week 7 module? ,"Syntax is referred to as parsing or syntactic analysis, which involves analyzing strings of symbols in natural language in conformance with grammatical rules. It's a crucial step before moving on to semantic analysis, and it's essential for determining the meaning of text selections.

A simple example can help illustrate this concept: Imagine you're trying to understand what someone means when they say ""I saw the book."" Without syntactic analysis, you might think they're talking about a physical object called ""the book"" that they saw. But with syntax, you realize that ""saw"" is a verb and ""the book"" is its object, so the sentence actually means that the person observed or perceived something related to the book.",4,5,5,5
What is the difference between deep structure and surface structure in syntax according to week 7 module?,"The distinction between deep structure and surface structure lies at the intersection of structural linguistics and generative grammar. The deep structure represents a more fundamental representation of meaning within a sentence, often influenced by underlying grammatical rules and semantic relationships. On the other hand, the surface structure is concerned with the actual sequence and arrangement of words in a sentence, reflecting how language is typically used in communication.

To illustrate this concept, consider the example ""The cat chases the mouse."" In deep structure, we might represent this as an action of pursuit or chase between two entities. However, when considering the surface structure, we note that it follows a typical subject-verb-object word order for English sentences.

This distinction is crucial in understanding how meaning and expression interact within linguistic systems. By recognizing that there's often a gap between how we conceptualize meaning (deep structure) and how it's expressed through language (surface structure), one can better grasp the intricacies of syntax, semantics, and pragmatics in communication.",5,5,5,5
"What is a synset and how is it used to represent word meanings in WordNet, according to week 7 module? ","A synset is a set of synonyms for a particular word. It's a way to group words with similar meanings together in WordNet, which is a lexical database for the English language. Think of it like a collection of words that can be used interchangeably.

For example, let's say we're trying to describe a sunny day. We could use words like ""sunny"", ""bright"", ""cloudless"", or ""clear"" - all of these words have similar meanings and could be grouped together as a synset in WordNet. This helps to represent word meanings in a more organized and structured way, making it easier to understand and analyze language.",5,5,5,5
What are the five categories into which the WordNet lexicon is divided according to week 7 module?,"The WordNet lexicon is divided into five categories:

1. **Synsets**: A set of synonyms that convey nearly the same meaning.

2. **Hypnyms**: These are more general terms and concepts.

3. **Hyponyms**: These are more specific terms and concepts, which are subcategories under hypnonyms.

4. **Holonyms**: This refers to a relationship between words where one word is a part of another word.

5. **Meronyms**: This term denotes the opposite of holonymy in WordNet – where one concept is contained within another.

To understand this, consider an example: If we have a synset for the word ""car"", then its hyponyms would include words like 'sedan', 'trunk', and so on.",5,5,3,1
What kind of lexical relation is 'meronymy' according to week 7 module? ,"Hyponymy is a type of lexical relation that describes a part-whole relationship between two words. For example, the word ""wheel"" can be considered a hyponym of the word ""car"". However, I couldn't find any information on 'meronymy' being discussed in week 7 module or otherwise.",5,3,2,1
Why is cosine similarity used for matching queries with documents according to week 8 module? ,"Cosine similarity is not explicitly mentioned in the context as the reason for matching queries with documents. However, it's a common technique used in natural language processing and information retrieval tasks.

Imagine you're trying to find all instances of a specific concept or pattern within a large text. You want to identify words that have similar relationships with other words nearby. Cosine similarity can help measure how similar two vectors (in this case, the vector representation of word frequencies) are, which can lead to identifying patterns and concepts.

To illustrate this, consider you're trying to find all instances where Zipf's Law is mentioned in a text collection. You could represent each document as a vector of word frequencies. Then, using cosine similarity, you can identify documents with similar word frequency patterns, potentially highlighting the presence of related topics or concepts like Zipf's Law.

Keep in mind that this is just one possible example, and there might be other reasons why cosine similarity is used for matching queries with documents.",5,5,4,4
How are stop words handled during the vectorization process in the demo notebook according to week 8 module? ,"Stop words are filtered out before further processing of text since they contribute little to overall meaning. They are generally the most common words in a language and include examples like ""the"", ""and"", etc. This is done to improve the efficiency of the vectorization process by reducing the dimensionality of the data and focusing on more meaningful words.",5,5,5,3
How does the rule-based method differ from dictionary-based systems in information extraction according to week 8 module? ,"The rule-based method differs from dictionary-based systems in that it uses general rules instead of a pre-defined dictionary to extract information from text. This allows for more flexibility and adaptability in dealing with semi-structured web pages, where the structure may not be strictly defined.

For example, imagine you're trying to extract a person's name and address from a resume. A dictionary-based system might rely on a pre-existing list of known names and addresses to make extraction decisions. In contrast, a rule-based system could learn to identify the boundaries of this information by recognizing patterns such as ""Name: John Smith"" or ""Address: 123 Main St"".

This allows the rule-based system to generalize and adapt to new, unseen data, making it more effective for tasks like information extraction from semi-structured web pages.",5,5,5,5
What is the primary advantage of using Conditional Random Fields according to week 8 module? ,"According to recent research in machine learning, Conditional Random Fields (CRFs) have been found to be state-of-the-art approaches in information extraction. They take advantage of dependencies between data points to improve extraction performance compared to other methods like Hidden Markov Models and Maximum Entropy Markov Models.

A simple example to illustrate this concept is a named entity recognition task where we want to identify the names of people, organizations, and locations in a given text. CRFs can learn to recognize patterns in the sequence of words that indicate the presence of these entities, leading to more accurate extraction results.",5,5,5,5
How does wrapper induction work for extracting structured information from web pages according to week 8 module?,"Wrapper induction is a technique used to automatically learn extraction procedures for extracting specific information from semi-structured documents like web pages. It involves identifying patterns and rules within a set of training data, which are then applied using program codes.

To understand how it works, consider an example where you want to extract the names of countries and their corresponding area codes from a webpage. The induction algorithm would learn a wrapper by analyzing a dataset containing similar information. This learned wrapper can then be used to identify and extract relevant details from new web pages.

Think of it like teaching a child to recognize and pick up certain toys - you show them examples, explain what makes each toy unique, and they eventually learn to identify and pick the desired ones on their own. Similarly, wrapper induction learns the patterns in your data and applies these rules to extract targeted information from new documents.",5,5,5,5
What role does the Viterbi algorithm play in Hidden Markov Models for information extraction according to week 8 module? ,"The Viterbi algorithm is a key component in Hidden Markov Models (HMMs) that enables us to efficiently compute the most likely sequence of hidden states given an observation sequence. In essence, it serves as a dynamic programming technique to find the optimal state sequence.

To illustrate this concept with a simple example, consider a basic HMM where we have two states: 'rainy' and 'sunny'. We want to determine the weather based on observations like 'cloudy', 'windy', or 'clear'.

Let's say our observation sequence is: cloudy, windy, clear

The Viterbi algorithm will help us find the most likely state sequence that led to these observations. It does this by iteratively calculating the probabilities of each possible state sequence and keeping track of the one with the highest likelihood.

Here's a step-by-step breakdown:

1. Initialize the probability of being in the 'rainy' state at time t=0, given our initial observation (cloudy). Let's say this probability is 0.6.
2. For each subsequent observation (windy and clear), update the probabilities of being in either the 'rainy' or 'sunny' state, based on the transition and emission probabilities defined in the HMM model.
3. At each time step t, keep track of the maximum probability of being in a particular state.

By using the Viterbi algorithm, we can efficiently compute the most likely sequence of states (e.g., rainy-sunny-rainy) given our observation sequence. This allows us to make accurate predictions about the underlying process (in this case, the weather).",5,5,5,5
What are the major limitations of traditional feature-based models in information extraction according to week 8 module? ,"Traditional feature-based models have several limitations in information extraction. One key limitation is that they require a lot of manual feature engineering, which can be time-consuming and often results in suboptimal features.

To make this concept more concrete, consider an example:

Imagine you're trying to build a model to automatically extract names from news articles. A traditional feature-based approach might require manually crafting features like ""presence of title case,"" ""length of sentence containing name,"" or "" proximity to other names."" However, these features may not capture the nuances of human-written text.

A more effective approach would be to use discriminative models that can learn to represent complex patterns and relationships in the data. This allows for better performance and reduced reliance on manual feature engineering.",4,4,3,2
What role do word embeddings play in deep learning-based information extraction systems according to week 8 module? ,"Word embeddings are an important tool for improving the ability of computers to understand text-based content. In deep learning-based information extraction systems, they help by representing words as real-valued vectors, which can capture nuances like synonymy and co-occurrence relationships between words. This representation enables better generalization and capturing of contextual meaning, ultimately enhancing the system's performance in natural language processing tasks.

A simple example to illustrate this concept is: Consider a sentence - ""The car stopped in front of the house."" Using word embeddings, the vector representations for ""car"" and ""automobile"" would be close to each other due to their synonymous relationship. This allows the system to better capture context and meaning, leading to more accurate information extraction.",5,5,5,5
What is the role of dropout in training deep learning models for information extraction according to week 8 module? ,"Dropout is a regularization technique used to prevent overfitting in deep neural networks. When applied during training, it randomly drops out units (neurons) from the network, preventing them from contributing to the forward pass of the network. This helps in reducing the co-adaptation of neurons and makes the model more robust.

Here's an example:

Imagine you're trying to recognize different types of fruits using a deep neural network. Each layer in your network might learn to focus on specific features like shape, color, or texture. However, if these layers become too dependent on each other, they may start learning to recognize patterns that are not representative of the actual fruit types.

Dropout helps by randomly removing some of these neurons during training, forcing the remaining neurons to pick up their slack and learn more generalizable features. This makes your network more resistant to overfitting and better at recognizing fruits in new images.",5,5,5,5
Which methods are used to ensure the quality of knowledge graphs during construction and evaluation according to week 8 module? ,"Knowledge graphs are constructed by integrating data from various sources. Ensuring their quality is crucial for accurate results in applications that rely on them.

There are several methods to ensure the quality of a knowledge graph, including checking its syntactic validity, semantic accuracy, consistency, correctness, and completeness. These aspects are essential for making informed decisions based on the information stored within the knowledge graph. 

To illustrate this concept, consider a simple example: Imagine you're building an address book for a small town. You want to ensure that each person's name is correctly spelled (syntactic validity), lives in the correct location (semantic accuracy), and isn't listed multiple times with different spellings of their name (consistency). This ensures that when someone searches for a specific individual, they get accurate results, which reflects the concept of ""fit for purpose"" – quality evaluation should be designed based on how it will be used.",5,5,4,5
What is the purpose of using TF-IDF weighting in topic modelling according to week 10 module? ,"TF-IDF weighting is used in topic modeling to account for the importance of words in clusters. This means that it takes into consideration not only how frequently a word appears in a document, but also its rarity or commonality across all documents. Think of it like a library where some books are extremely popular and others are more niche - TF-IDF gives more weight to the rarer books because they're less likely to be found elsewhere.

For example, imagine you have two topics: one about sports and another about cuisine. If both topics mention ""apples"", the term frequency would suggest that ""apples"" is equally important in both topics. However, if we use TF-IDF weighting, we'd realize that ""apples"" is a very common word in general (thus having low IDF value), but it's still crucial in the cuisine topic. Therefore, TF-IDF highlights the significance of words within their respective clusters, providing a more nuanced understanding of the topics themselves.",5,5,5,5
Why is topic coherence important when selecting the number of topics (k) in NMF according to week 10 module? ,"Topic coherence refers to how well-related the words are within a topic. It's essential when selecting the number of topics (k) because it ensures that the discovered topics have meaningful and interpretable representations, rather than just being arbitrary groups of words.

Think of it like categorizing books on a shelf: if you group similar-sounding titles together but they're not actually related in content, the grouping isn't very useful. However, if you group books by author or theme, each topic is more coherent and easier to understand.

A simple analogy would be organizing clothes in your closet. A coherent approach might mean categorizing by type (shirts, pants), while an incoherent approach could involve mixing everything together randomly. In the context of NMF, selecting k based on high coherence ensures that the discovered topics are more meaningful and useful for analysis or interpretation.",5,5,5,5
What embedding model is used to convert text data into numerical format in BERTopic according to week 10 module? ,"BERT uses WordPiece tokenization and learns the embeddings from scratch. This allows it to adapt to specific downstream tasks and datasets.

Simple example:
Imagine you have a sentence ""The quick brown fox jumps over the lazy dog."" To represent this sentence numerically, BERT would break down each word into smaller subwords (like ""quick"" becomes ""qu-ick"") and assign unique numerical IDs to each of these subwords. These numerical IDs can then be used as input to the model for processing and analysis.",5,5,2,1
What is the purpose of using UMAP and HDBSCAN in the BERTopic pipeline according to week 10 module? ,"The UMAP (Uniform Manifold Approximation and Projection) and HDBSCAN (Hierarchical Density-Based Spatial Clustering of Applications with Noise) are used for dimensionality reduction and clustering, respectively.

These techniques help in identifying meaningful topics or clusters from the data. Imagine you have a large collection of words or documents, and you want to group them based on their similarities. UMAP reduces the complexity of this high-dimensional space into a lower-dimensional representation that's easier to visualize. HDBSCAN then identifies distinct clusters within this reduced space.

To make it simple, consider a library with books. If you have no knowledge about the authors or genres, using UMAP and HDBSCAN could help group the books based on their content. This makes it easier for readers to find similar types of books together. The BERTopic pipeline utilizes these algorithms to categorize documents into meaningful topics.",5,5,5,4
What machine learning model is used for classifying the review sentiments according to week 12 module?,NaiveBayes.,4,4,5,5
How is the accuracy of the sentiment prediction model evaluated according to week 12 module?,"The accuracy of the sentiment prediction model is typically evaluated using metrics such as precision, recall, and F1-score. These metrics can be calculated by comparing the predicted sentiments with the actual sentiments in a labeled dataset.

To illustrate this concept, consider an example where we have a dataset of student responses to a lesson, along with their corresponding labels indicating whether the sentiment is positive or negative. We can then train our model on this data and use it to predict the sentiment of new, unseen responses. By comparing these predictions with the actual labels, we can calculate metrics such as precision (the number of true positives divided by the sum of true positives and false positives), recall (the number of true positives divided by the sum of true positives and false negatives), and F1-score (the harmonic mean of precision and recall).

For instance, if our model predicts that 80% of student responses have a positive sentiment, but the actual label indicates that only 60% are truly positive, then we can say that the precision of our model is 0.6. Conversely, if our model correctly identifies all instances of negative sentiment as such, but misses some true positives, its recall would be lower than 1.",5,5,5,5
Summarize the sentiment analysis methods and techniques mentioned in week 12 module? ,"In week 12 of your curriculum, you're likely exploring text analysis techniques. Sentiment analysis is a fascinating topic where you try to determine whether a piece of text expresses positive, negative, or neutral sentiment. Two main methods are employed here.

1. **VADER (Valence Aware Dictionary and sEntiment Reasoner) Analysis**: This is a popular tool used for sentiment analysis. It's particularly useful because it can distinguish between slang, jargon, and colloquial language from standard English, making it very effective in capturing nuances of human emotion in text. VADER gives you a compound score that reflects the overall sentiment. The higher the score, the more positive the sentiment; the lower, the more negative.

2. **Naive Bayes Sentiment Analysis**: This technique classifies text into categories based on features or attributes found in the data. It's called ""naive"" because it assumes all features are independent of each other, which isn't always the case but simplifies calculations significantly. Naive Bayes can classify text as positive (pos), negative (neg), and neutral (neu).

Here’s a simple example to illustrate this:

Imagine you have a restaurant review that says: ""The food was excellent! However, the service was slow."" 

- Using VADER analysis, you'd calculate the compound score for each sentence separately. For ""The food was excellent!"", it would likely be high (positive sentiment). For ""However, the service was slow,"" it would likely be low (negative sentiment).
  
- With Naive Bayes, you might categorize this review as both positive and negative because it mentions something good (food) but also something bad (service).

This example shows how VADER can give you a more detailed look at what's happening in the text by focusing on the overall sentiment, while Naive Bayes can give you a broader view by classifying text into categories.",5,5,3,2
What are the sub-problems of sentiment analysis which are mentioned in week 12 module?,"Syntactic analysis is concerned with what words a text selection was made up of. This can be broken down into smaller tasks such as tokenization, where individual words or tokens are identified, and part-of-speech tagging, where the grammatical category (such as noun or verb) of each word is determined.",5,5,3,3
What are some fundamental techniques commonly used for Information Extraction?,"Information Extraction (IE) is a crucial task in many text/web applications, and several methodologies have been proposed to automate the extraction process.

To tackle this complex problem, researchers have employed various techniques that can be broadly categorized into three primary methods:

1. **Rule Learning**: This method involves creating rules based on the input data to identify and extract relevant information. The rules are typically defined using domain-specific knowledge and linguistic patterns.
2. **Machine Learning**: Techniques like maximum entropy, decision trees, and neural networks have been successfully applied in IE tasks. These models learn from labeled training data and can adapt to various text formats.

These methods provide a solid foundation for extracting information from texts and web pages. Let's consider an example to better understand how rule learning works:

Suppose we want to extract the names of individuals mentioned in a news article. We can define rules such as:

* If the sentence contains a phrase like ""Mr."" or ""Ms."", followed by a name, then extract that name.
* If the sentence mentions a title (e.g., President, CEO), followed by a name, then extract that name.

These rules can be applied to the text data using various techniques, such as regular expressions or natural language processing libraries.",5,4,3,2
In what ways does Relation Extraction go beyond what Named Entity Recognition accomplishes?,"Relation extraction goes beyond what named entity recognition (NER) accomplishes by identifying and classifying relationships between entities mentioned in unstructured text. While NER focuses on locating and categorizing individual entities, relation extraction seeks to understand the connections or associations between these entities.

Let's use a simple example to illustrate this difference:

Suppose we have a sentence: ""John Smith is a manager at XYZ Corporation.""

In NER, we would identify John Smith as a person (entity) and XYZ Corporation as an organization (entity).

Relation extraction, on the other hand, would identify the relationship between John Smith and XYZ Corporation - specifically, that John Smith works at XYZ Corporation. This requires analyzing not only the entities themselves but also the relationships between them.

Think of it like this: NER is like recognizing individual people in a crowd, while relation extraction is like understanding who knows whom in that same crowd!",5,5,5,5
Why is Event Extraction considered important when analyzing and understanding narratives?,"Event extraction is crucial in natural language processing because it helps machines understand the underlying actions or events described in a text. Think of it like trying to comprehend a movie plot by only reading a list of characters' names, without knowing what they did or where they went.

Imagine you're analyzing a novel that describes a character's journey. You want to identify not just who the characters are, but also what they do and how their actions affect others. Event extraction helps machines achieve this level of understanding by pinpointing specific events mentioned in the text, like ""the protagonist ran away from home"" or ""the villain stole a valuable treasure.""

By recognizing these events, machines can begin to build a narrative structure that mirrors human comprehension. This is particularly useful when dealing with large volumes of text, such as in journalism, law, and even history, where understanding the sequence and importance of events can be vital.

To illustrate this concept simply: consider a recipe for making cookies. You want to know not just what ingredients are used but also the actions that transform those ingredients into a delicious treat. Event extraction is like being able to automatically recognize the steps in that process – mixing, baking, cooling – and understanding how they contribute to the final product.

This capability is foundational in many applications of natural language processing, as it enables machines to move beyond mere keyword recognition and grasp the deeper meaning within complex narratives.",5,5,5,5
How does Latent Dirichlet Allocation (LDA) work to generate coherent topics from a collection of documents?,"Latent Dirichlet Allocation (LDA) is a type of topic modelling algorithm that uses a probabilistic approach. It views each document as a mixture of a small number of topics, where words and documents are assigned probability scores for each topic.

To generate coherent topics from a collection of documents, LDA follows a generative process. Think of it like creating a meal with multiple ingredients. You can't just throw all the ingredients together and expect a delicious dish; you need to combine them in the right proportions.

Similarly, when generating topics using LDA:

1.  Each document is a combination of topics, but instead of mixing actual food ingredients, we're combining words from various topics.
2.  The algorithm calculates the probability scores for each word-topic pair, indicating how strongly a particular word belongs to each topic. This helps create a ""dish"" that represents the most likely topics within a document.

Consider an example with three documents and two topics:

*   Document 1: Topic A (60%), Topic B (40%)
*   Document 2: Topic A (80%), Topic B (20%)
*   Document 3: Topic A (30%), Topic B (70%)

When using LDA, the algorithm would look at each document's words and assign probability scores for each topic. For instance:

*   The word ""AI"" might have a high score for Topic A in all documents.
*   The word ""Machine Learning"" might also have a high score for Topic A, but it could be lower in Document 2 than in the others.

By analyzing these probability scores across multiple documents, LDA generates coherent topics that represent common themes within the collection. This method helps you identify patterns and relationships between words and topics without having to manually analyze each document.

Keep in mind that LDA is a probabilistic model, so there's always some uncertainty when determining the best-fit topics for a given dataset. However, it remains a powerful tool for topic modelling and text analysis, allowing you to uncover meaningful insights from large collections of documents.",5,5,5,5
In what ways do modern approaches like BERTopic and TopicGPT improve upon traditional topic modelling techniques?,"Modern approaches like BERTopic and TopicGPT have introduced significant improvements over traditional topic modeling techniques.

One of the primary differences is that these newer methods are more flexible and adaptable to different types of text data. Traditional techniques often rely on pre-defined assumptions about the structure of the data, whereas modern approaches can learn from the data itself.

For instance, BERTopic uses a combination of transformer-based architectures and clustering algorithms to identify topics in a corpus. This allows it to capture nuanced relationships between words and documents that might be lost with more traditional methods.

TopicGPT, on the other hand, employs a prompt-based framework that leverages the power of language models to identify additional topics and assign relevant quotes for each document.

These advancements enable modern approaches like BERTopic and TopicGPT to provide more accurate and informative topic models compared to their traditional counterparts.

To illustrate this point, consider a simple example: Suppose we have a corpus containing documents about various aspects of machine learning. Traditional methods might struggle to capture the subtleties between topics such as ""supervised learning,"" ""unsupervised learning,"" and ""deep learning."" Modern approaches like BERTopic or TopicGPT can more effectively identify these distinct topics, even when they are not explicitly mentioned in the text.

This increased accuracy is due in part to the ability of modern methods to learn from the data itself, rather than relying on pre-defined assumptions. This flexibility allows them to adapt to a wide range of applications and datasets, making them particularly useful for tasks such as information retrieval, sentiment analysis, and topic modeling.",5,5,5,5
Why might focusing on data quality yield better results than simply trying to enhance the model?,"
Let's break down why focusing on data quality can be more effective.

Imagine you're building a house, and you have two options: either improve the blueprint (the model) or make sure the foundation is solid (the data). While enhancing the blueprint might seem like a good idea, it won't matter if the foundation is weak. Similarly, in machine learning, improving the model can be beneficial, but if the data is of poor quality, it will still lead to suboptimal results.

Data quality issues, such as outliers, biased samples, or missing values, can greatly impact the performance of a machine learning system. By addressing these issues and ensuring that your data is clean, accurate, and relevant, you're setting the stage for better model performance.

Think of it like this: improving the data might be more effective than improving the model because you're creating a stronger foundation for your entire ML pipeline. When the data is trustworthy and reliable, the model will have a much higher chance of success.

To illustrate this concept, let's consider an example:

Suppose we want to build a system that predicts creditworthiness based on customer data. If our dataset contains a large number of outliers (e.g., individuals with extremely high income or debt), it can skew the results and lead to incorrect predictions. By cleaning the data, removing these outliers, and ensuring that the remaining data is accurate and relevant, we'll create a stronger foundation for our model.

This way, when we train and deploy our model, it will be more likely to produce reliable and accurate results, ultimately yielding better outcomes than if we had simply focused on enhancing the model without addressing the underlying data quality issues.",5,5,5,5
"Structurally and functionally, how is a Python package different from a module?","A great question about packaging in Python!

Think of it like organizing your closet. A module is like a single t-shirt - it's self-contained and has everything you need right there.

A package, on the other hand, is like a dresser with multiple drawers. Each drawer can hold different types of clothes (or modules), and they're all organized under a common theme (the package).

Here are some key differences:

* A module is a single file or group of files that are imported together.
* A package is a collection of related modules, organized in directories, with a hierarchical structure.

For example, imagine you have a `my_package` directory, which contains several modules: `math.py`, `utils.py`, and `models.py`. When you import `my_package`, you can access any of these modules by their relative paths (e.g., `from my_package.math import some_function`). This is like opening the ""math"" drawer in your dresser.

To illustrate this concept, let's create a simple example. Suppose we have a package called `my_tools` with two modules: `calculator.py` and `converter.py`. The directory structure would look something like this:
```python
my_tools/
  __init__.py
  calculator.py
  converter.py
```
The `__init__.py` file is the ""twist"" mentioned in the context - it's an empty file that indicates this directory is a package. Now, when you import `my_tools`, you can access both modules:
```python
from my_tools import calculator
from my_tools import converter
```
I hope this analogy helps clarify the difference between a Python module and package!",5,5,5,5
What specific difficulties arise when classifying legal texts?,"Classifying legal texts can be a challenging task due to several complexities.

One major difficulty is that legal texts often contain long and intricate descriptions of events, which can make it difficult for machines to accurately identify the relevant information. This is because human language is inherently ambiguous, and nuances in meaning can lead to different interpretations.

For instance, consider a simple example: Imagine you're trying to classify a text about ""A person being sued for an accident."" The text might contain various details such as the location of the incident, the type of vehicle involved, or even the weather conditions at the time. A machine would need to be able to identify these different aspects and label them correctly.

Another difficulty is that legal texts often rely on high-level domain knowledge, which can make it hard for machines to understand the context. This means that a system trying to classify legal texts needs to have a deep understanding of the underlying laws and regulations.

Lastly, since legal cases from different categories may use similar descriptions of events, this can lead to confusion in classification tasks. This is because the same event might be described differently depending on the specific category or jurisdiction it falls under.",5,5,5,5
What method was used to identify the top domain concepts for different categories in the legal field?,"To identify the top domain concepts for different categories in the legal field, a classification approach can be utilized.

Classification is a type of machine learning algorithm that groups data into predefined categories based on specific characteristics. In this case, it involves using techniques to categorize and identify key concepts within the legal text.

Let's consider an example: imagine we have a dataset of court documents related to intellectual property law, contracts, and torts. We want to identify the top domain concepts for each category. A classification approach can be used by training a model on labeled data, where each document is associated with its corresponding category. The model then learns to recognize patterns and features that distinguish one category from another.

For instance, if we're interested in identifying key concepts related to intellectual property law, the classification algorithm might learn to recognize specific keywords or phrases that are commonly used in this domain. Similarly, it can identify distinct characteristics for contracts and torts categories.

By using a combination of natural language processing (NLP) techniques and machine learning algorithms, it's possible to effectively categorize and extract key concepts from large volumes of legal text data.

In the paper ""Using classiﬁcation to support legal knowledge engineers in the eunomos legal document management system"" by Guido et al. (2011), the authors discuss using classification techniques for similar purposes, although they focus on a specific system rather than generalizing it across categories.

Note that this is just an example explanation, and actual methods may vary depending on the context and data specifics.",5,5,4,4
How are domain-specific concepts extracted when building classifiers for legal text?,"When building classifiers for legal text, high-level domain knowledge is required to extract domain-specific concepts. This is because legal text often contains specialized terminology and complex structures that can be difficult to understand without prior knowledge of the subject matter.

Let's consider an example to illustrate this concept. Imagine you're trying to build a classifier to identify contract disputes in court documents. To do this, you'd need to understand the nuances of contract law and be able to recognize specific keywords, phrases, or patterns that indicate a dispute. This requires domain-specific knowledge that can't be learned from general-purpose machine learning algorithms alone.

To make this more concrete, suppose we have two sentences:

 Sentence 1: ""The plaintiff is seeking damages for breach of contract.""
 Sentence 2: ""The defendant's negligence caused the accident.""

A classifier trained on general text data might struggle to distinguish between these two sentences. However, a classifier that has been fine-tuned with domain-specific knowledge would recognize that the first sentence contains key phrases like ""breach of contract"" and ""damages,"" which are typical indicators of a contract dispute.

In this example, we see how high-level domain knowledge is essential for extracting relevant concepts from legal text. By understanding the intricacies of contract law, our classifier can more accurately identify instances of contract disputes in court documents.",5,5,5,5
What four key indicators are used in selecting the best model in a classification task?,"When evaluating models for a classification task, we typically consider several performance metrics. Let's use an analogy to help us understand these metrics.

Imagine you're trying to decide which restaurant to go to based on customer reviews. You want to choose the one that serves the best food, has good service, is reasonably priced, and has a pleasant atmosphere.

Similarly, in machine learning, we have four key indicators that can be thought of as our ""restaurant ratings"":

1. **Accuracy**: This is like checking if the restaurant's food is good or not. It measures how well the model correctly classifies instances.
2. **Precision**: This is similar to evaluating the service quality. It tells us about the model's ability to correctly identify true positives (i.e., instances that are actually positive).
3. **Recall**: This is like assessing the restaurant's atmosphere. It measures the model's ability to detect all actual positive instances.
4. **F1-score**: This combines precision and recall, giving us a balanced view of how well the model performs in terms of both true positives and false negatives.

These four indicators help us understand how well our classification model is performing and can guide our selection of the best model for a given task.",5,5,5,5
How does changing the number of domain concepts affect the model's classification accuracy?,"Changing the number of domain concepts can indeed impact the model's performance. When you have too few domain concepts, the model might not be able to capture the nuances and complexities of the data, leading to reduced classification accuracy.

On the other hand, if you have too many domain concepts, it can lead to overfitting, where the model becomes too specialized and struggles to generalize to new, unseen data. This can also result in lower classification accuracy.

To illustrate this concept, let's consider an example using a simple text classification task. Suppose we want to classify news articles into categories like politics, sports, or entertainment.

If we have only 2 domain concepts (e.g., politics and non-politics), our model might struggle to distinguish between related topics within the politics category, such as international relations or domestic policy.

However, if we increase the number of domain concepts to 5 (politics, sports, entertainment, business, and technology), our model may become more accurate in classification. But it's also possible that it becomes over-specialized and loses its ability to generalize to new data.

To strike a balance between accuracy and generalization, you might need to experiment with different numbers of domain concepts and evaluate the performance of your model using metrics like precision, recall, F1-score, and cross-validation techniques.",5,5,5,5
What role does the Tweepy library play in gathering data from Twitter?,"Actually, there's no mention of the Tweepy library in the provided context. However, I can provide a general explanation on how to gather data from Twitter using Python.

Twitter provides an API for developers to access its vast amount of user-generated content. To gather data from Twitter, you would typically use a library that interacts with this API. While Tweepy is one popular option for doing so, it's not explicitly mentioned in the given context.

To clarify, gathering data from social media platforms like Twitter involves several steps:

1.  **Understanding API Documentation**: Familiarize yourself with the API's documentation to comprehend what endpoints are available and how to use them.
2.  **Authentication**: Set up authentication for your application. This usually requires creating an account on the platform (in this case, Twitter), generating API keys, and configuring these keys within your code.
3.  **API Request Handling**: Use a library like `requests` in Python to send HTTP requests to the API endpoints. These requests will typically involve specifying the authentication details, any necessary parameters for filtering data, and handling responses from the API.

If you're looking to use Tweepy specifically, it simplifies this process by providing an interface that encapsulates these steps. However, based on the given context, I'll provide a more general explanation of gathering data from Twitter using Python:

```python
import requests

# Set up your API keys and authentication details
consumer_key = ""your_consumer_key""
consumer_secret = ""your_consumer_secret""

# Make an authenticated request to the Twitter API
auth_url = f""https://api.twitter.com/oauth2/token?grant_type=client_credentials&consumer_key={consumer_key}&consumer_secret={consumer_secret}""
response = requests.post(auth_url, headers={""Content-Type"": ""application/x-www-form-urlencoded""})

# Check if authentication was successful
if response.status_code == 200:
    # Use the obtained access token to make API calls
    access_token = response.json()[""access_token""]
    
    # Specify your desired API endpoint and parameters
    url = f""https://api.twitter.com/2/tweets/search/recent?query={search_query}&max_results=100""
    
    # Send a GET request with the access token
    headers = {""Authorization"": f""Bearer {access_token}""}
    response = requests.get(url, headers=headers)
    
    # Handle the API's response (e.g., parse JSON data)
else:
    print(""Authentication failed"")
```

Keep in mind that this is a simplified example and actual implementation details may vary based on your specific use case. Always refer to the Twitter API documentation for the most accurate and up-to-date information.

If you have any questions or need further clarification, please feel free to ask!",5,5,4,2
What are the primary strategies used in performing sentiment analysis?,"Sentiment analysis is a type of text classification that involves identifying the sentiment or emotional tone behind a piece of text. To perform sentiment analysis, several primary strategies can be employed.

One common approach is to use machine learning algorithms that classify text as positive, negative, or neutral based on its linguistic features. For instance, you might train a model on a dataset where each review has been labeled with its corresponding sentiment (positive or negative), and then use the trained model to predict the sentiment of new, unseen reviews.

Another strategy is to use rule-based approaches that rely on predefined rules for determining sentiment. These rules can be based on specific keywords, phrases, or linguistic patterns that are associated with positive or negative emotions.

Yet another approach is to employ deep learning techniques such as Convolutional Neural Networks (CNNs) and Recurrent Neural Networks (RNNs). These models learn complex features from the text data and can achieve state-of-the-art performance on sentiment analysis tasks.

Let's consider a simple example to illustrate this concept. Suppose we want to classify customer reviews of a product as either positive or negative. We could use a machine learning algorithm like Naive Bayes or Logistic Regression, which would learn to predict the sentiment based on features such as word frequency, sentence structure, and sentiment-bearing words.

Here's some sample Python code using the NLTK library to perform sentiment analysis:
```python
import nltk
from nltk.sentiment import SentimentIntensityAnalyzer

# Initialize the sentiment analyzer
sia = SentimentIntensityAnalyzer()

# Define a function to classify text as positive or negative
def classify_sentiment(text):
    scores = sia.polarity_scores(text)
    if scores['compound'] >= 0.05:
        return ""Positive""
    elif scores['compound'] <= -0.05:
        return ""Negative""
    else:
        return ""Neutral""

# Example usage:
review = ""I loved this product! It exceeded my expectations.""
print(classify_sentiment(review))  # Output: Positive

review = ""This product was a total disappointment.""
print(classify_sentiment(review))  # Output: Negative
```
In this example, we use the NLTK library to initialize a sentiment analyzer and define a function that classifies text as positive or negative based on its polarity scores. We then demonstrate how to use this function with two example reviews.

Keep in mind that this is just a simple illustration of sentiment analysis, and there are many more nuances and complexities involved in this task.",5,5,5,5
Why is sarcasm particularly challenging to detect in sentiment analysis tasks?,"Sarcasm can be tricky to identify because it often involves saying one thing but meaning another. For instance, someone might say ""What a beautiful day!"" when it's actually raining outside. This mismatch between literal and intended meaning can make it difficult for machines (and humans!) to determine the speaker's true sentiment.

Let me provide an example to illustrate this point:

Suppose we have a text: ""I'm so excited to be stuck in traffic again today."" At first glance, the words ""excited"" and ""so"" might suggest a positive sentiment. However, the context of being stuck in traffic implies that the speaker is actually frustrated or annoyed. A machine learning model would need to consider both the literal meaning of the words and the underlying intent behind them to accurately classify this text as sarcastic.

In NLP, we often use techniques like sentiment analysis and text classification to detect emotions and intentions in language. However, detecting sarcasm requires a more nuanced understanding of the relationship between words, context, and intended meaning.

To better understand how to tackle such challenges, let's explore some common approaches to handling sarcasm in sentiment analysis tasks:

1. **Use contextual features**: Consider not just the individual words but also their relationships with other words in the sentence or document.
2. **Leverage linguistic patterns**: Identify common patterns of language use that are indicative of sarcasm, such as irony markers or negation phrases.
3. **Employ machine learning algorithms**: Train models on datasets that include examples of sarcastic text and test their ability to generalize to new, unseen data.
4. **Use pre-trained language models**: Utilize pre-trained models like BERT or RoBERTa, which have been fine-tuned for sentiment analysis tasks and can capture subtle nuances in language.

By exploring these approaches, we can gain a deeper understanding of how to detect sarcasm more effectively and improve the accuracy of our NLP systems.",5,5,5,5
